{
    "train_loss": [
        0.6950946974754334,
        0.6935653969219753,
        0.6957543652398246,
        0.6899329270635333,
        0.6886175884519304,
        0.6886665214811053,
        0.6852762862614223,
        0.6827142970902579,
        0.683229467528207,
        0.6770306914193289,
        0.6750262018612453,
        0.6755899252210344,
        0.6761761552946908,
        0.6729938612665449,
        0.671383330821991,
        0.6696334164483206,
        0.6686142252172742,
        0.665248681477138,
        0.6720619925430843,
        0.6705879477092198
    ],
    "val_loss": [
        0.6834737211465836,
        0.6817723959684372,
        0.6791053414344788,
        0.6771561801433563,
        0.6692709624767303,
        0.6667437106370926,
        0.6603454053401947,
        0.6507678925991058,
        0.6479145139455795,
        0.6474600732326508,
        0.6332569420337677,
        0.6277488321065903,
        0.6320974379777908,
        0.634572759270668,
        0.6263019442558289,
        0.6271528601646423,
        0.6286725997924805,
        0.6422505080699921,
        0.626621663570404,
        0.6356815993785858
    ],
    "train_acc": [
        50.857142857142854,
        50.57142857142857,
        49.142857142857146,
        54.57142857142857,
        55.42857142857143,
        56.714285714285715,
        57.142857142857146,
        57.0,
        57.0,
        60.142857142857146,
        61.0,
        59.714285714285715,
        59.857142857142854,
        60.57142857142857,
        60.285714285714285,
        62.0,
        62.42857142857143,
        66.14285714285714,
        64.42857142857143,
        62.857142857142854
    ],
    "val_acc": [
        73.33333333333333,
        73.33333333333333,
        73.33333333333333,
        73.33333333333333,
        73.33333333333333,
        73.33333333333333,
        73.33333333333333,
        66.66666666666667,
        73.33333333333333,
        66.66666666666667,
        66.66666666666667,
        66.66666666666667,
        66.66666666666667,
        73.33333333333333,
        66.66666666666667,
        66.66666666666667,
        66.66666666666667,
        66.66666666666667,
        66.66666666666667,
        66.66666666666667
    ],
    "learning_rate": [
        6e-06,
        1.2e-05,
        1.8e-05,
        2.4e-05,
        3.0000000000000004e-05,
        2.9991880871512754e-05,
        2.9967532364198802e-05,
        2.992698110279342e-05,
        2.987027142950558e-05,
        2.9797465355530426e-05,
        2.970864249324092e-05,
        2.960389996913289e-05,
        2.9483352317618627e-05,
        2.9347131355785212e-05,
        2.9195386039254424e-05,
        2.9028282299301994e-05,
        2.8846002861414164e-05,
        2.8648747045480063e-05,
        2.843673054783834e-05,
        2.821018520541636e-05
    ]
}