{
    "train_loss": [
        0.6702691108101675,
        0.6319529866311033,
        0.6247128349066687,
        0.6167407565017163,
        0.6216943056637797,
        0.6197667908305904,
        0.6142548651296377,
        0.6086223528865625,
        0.6077517846691292,
        0.6107872928503348,
        0.6003615942291434,
        0.5994235792767413
    ],
    "val_loss": [
        0.6338466570295137,
        0.6338664889335632,
        0.6237176204549855,
        0.6333551047177151,
        0.6381571066790613,
        0.6258923267496044,
        0.6207841285343828,
        0.6324915063792261,
        0.6464516027220364,
        0.6314519499910289,
        0.6447332778881336,
        0.6444293075594408
    ],
    "train_acc": [
        58.166666666666664,
        63.5,
        63.666666666666664,
        64.95238095238095,
        64.66666666666667,
        63.642857142857146,
        64.47619047619048,
        64.71428571428571,
        65.28571428571429,
        64.11904761904762,
        65.07142857142857,
        65.5952380952381
    ],
    "val_acc": [
        60.22222222222222,
        60.44444444444444,
        61.333333333333336,
        59.77777777777778,
        60.44444444444444,
        59.55555555555556,
        61.333333333333336,
        57.77777777777778,
        60.0,
        61.333333333333336,
        60.22222222222222,
        60.44444444444444
    ],
    "learning_rate": [
        9.531887524394115e-05,
        0.0001906377504878823,
        0.0002859566257318234,
        0.0003812755009757646,
        0.0004765943762197057,
        0.00047646539185381147,
        0.000476078579798639,
        0.0004754343630274917,
        0.00047453344598195034,
        0.0004733768138015772,
        0.00047196573124667993,
        0.00047030174131531513
    ]
}